{
  "timestamp": "2025-10-25T17:12:45.632629",
  "evaluations": {
    "buy_and_hold_BTC": {
      "strategy_name": "buy_and_hold",
      "total_return": -0.27227209427239796,
      "annualized_return": -0.9816889335317776,
      "sharpe_ratio": -0.6548140346963022,
      "max_drawdown": 0.0,
      "win_rate": 0.0,
      "avg_win": 0,
      "avg_loss": -0.27227209427239796,
      "profit_factor": 0.0,
      "total_trades": 1,
      "volatility": 1.5297303974194036,
      "calmar_ratio": 0,
      "sortino_ratio": -1.097947269104216
    },
    "macd_strategy_BTC": {
      "strategy_name": "macd_strategy",
      "total_return": 0.30974358291196535,
      "annualized_return": 28.849066716772874,
      "sharpe_ratio": 18.845848108533637,
      "max_drawdown": 0.26080731621586306,
      "win_rate": 0.35023041474654376,
      "avg_win": 0.03433901440302792,
      "avg_loss": -0.01631220930296565,
      "profit_factor": 1.1346698634486174,
      "total_trades": 217,
      "volatility": 1.5297303974194036,
      "calmar_ratio": 110.61448403884228,
      "sortino_ratio": 31.599425742782127
    },
    "kdj_rsi_strategy_BTC": {
      "strategy_name": "kdj_rsi_strategy",
      "total_return": -0.8502477946127888,
      "annualized_return": -0.9999999999582095,
      "sharpe_ratio": -0.6667841612344961,
      "max_drawdown": 0.6496705478678367,
      "win_rate": 0.5555555555555556,
      "avg_win": 0.03144620297470397,
      "avg_loss": -0.0747347451605795,
      "profit_factor": 0.5259635746923468,
      "total_trades": 54,
      "volatility": 1.5297303974194036,
      "calmar_ratio": -1.5392417021829359,
      "sortino_ratio": -1.1180179564246815
    },
    "zscore_mean_reversion_BTC": {
      "strategy_name": "zscore_mean_reversion",
      "total_return": 0.37784357023015286,
      "annualized_return": 55.493556536144084,
      "sharpe_ratio": 36.26361653643403,
      "max_drawdown": 0.0,
      "win_rate": 0.6666666666666666,
      "avg_win": 0.19465371992720826,
      "avg_loss": -0.01146386962426367,
      "profit_factor": 33.95951390012619,
      "total_trades": 3,
      "volatility": 1.5297303974194036,
      "calmar_ratio": 0,
      "sortino_ratio": 60.804345408519495
    }
  }
}